[
 {
  "RuleID": "generic-api-key",
  "Description": "Detected a Generic API Key, potentially exposing access to various services and sensitive operations.",
  "StartLine": 7,
  "EndLine": 7,
  "StartColumn": 1,
  "EndColumn": 57,
  "Match": "GOOGLE_CLIENT_SECRET=REDACTED ",
  "Secret": "REDACTED",
  "File": ".env.development",
  "SymlinkFile": "",
  "Commit": "b5b7b0f5f8d0bb6362add3e733785acf467d5ac7",
  "Link": "https://github.com/kielak1/braggly-frontend/blob/b5b7b0f5f8d0bb6362add3e733785acf467d5ac7/.env.development#L7",
  "Entropy": 4.436007,
  "Author": "Tadeusz Kielak",
  "Email": "tadeusz@kielak.com",
  "Date": "2025-03-15T19:04:30Z",
  "Message": ".env. adjust",
  "Tags": [],
  "Fingerprint": "b5b7b0f5f8d0bb6362add3e733785acf467d5ac7:.env.development:generic-api-key:7"
 },
 {
  "RuleID": "generic-api-key",
  "Description": "Detected a Generic API Key, potentially exposing access to various services and sensitive operations.",
  "StartLine": 7,
  "EndLine": 7,
  "StartColumn": 1,
  "EndColumn": 57,
  "Match": "GOOGLE_CLIENT_SECRET=REDACTED ",
  "Secret": "REDACTED",
  "File": ".env.development",
  "SymlinkFile": "",
  "Commit": "aa418877aa0cdfe8187d3cf6b1e9fcb5635227bb",
  "Link": "https://github.com/kielak1/braggly-frontend/blob/aa418877aa0cdfe8187d3cf6b1e9fcb5635227bb/.env.development#L7",
  "Entropy": 4.436007,
  "Author": "Tadeusz Kielak",
  "Email": "tadeusz@kielak.com",
  "Date": "2025-03-15T19:04:30Z",
  "Message": ".env. adjust",
  "Tags": [],
  "Fingerprint": "aa418877aa0cdfe8187d3cf6b1e9fcb5635227bb:.env.development:generic-api-key:7"
 },
 {
  "RuleID": "generic-api-key",
  "Description": "Detected a Generic API Key, potentially exposing access to various services and sensitive operations.",
  "StartLine": 5,
  "EndLine": 5,
  "StartColumn": 1,
  "EndColumn": 57,
  "Match": "GOOGLE_CLIENT_SECRET=REDACTED ",
  "Secret": "REDACTED",
  "File": ".env.production",
  "SymlinkFile": "",
  "Commit": "aa418877aa0cdfe8187d3cf6b1e9fcb5635227bb",
  "Link": "https://github.com/kielak1/braggly-frontend/blob/aa418877aa0cdfe8187d3cf6b1e9fcb5635227bb/.env.production#L5",
  "Entropy": 4.436007,
  "Author": "Tadeusz Kielak",
  "Email": "tadeusz@kielak.com",
  "Date": "2025-03-15T19:04:30Z",
  "Message": ".env. adjust",
  "Tags": [],
  "Fingerprint": "aa418877aa0cdfe8187d3cf6b1e9fcb5635227bb:.env.production:generic-api-key:5"
 },
 {
  "RuleID": "generic-api-key",
  "Description": "Detected a Generic API Key, potentially exposing access to various services and sensitive operations.",
  "StartLine": 5,
  "EndLine": 5,
  "StartColumn": 1,
  "EndColumn": 57,
  "Match": "GOOGLE_CLIENT_SECRET=REDACTED ",
  "Secret": "REDACTED",
  "File": ".env.production",
  "SymlinkFile": "",
  "Commit": "b5b7b0f5f8d0bb6362add3e733785acf467d5ac7",
  "Link": "https://github.com/kielak1/braggly-frontend/blob/b5b7b0f5f8d0bb6362add3e733785acf467d5ac7/.env.production#L5",
  "Entropy": 4.436007,
  "Author": "Tadeusz Kielak",
  "Email": "tadeusz@kielak.com",
  "Date": "2025-03-15T19:04:30Z",
  "Message": ".env. adjust",
  "Tags": [],
  "Fingerprint": "b5b7b0f5f8d0bb6362add3e733785acf467d5ac7:.env.production:generic-api-key:5"
 },
 {
  "RuleID": "generic-api-key",
  "Description": "Detected a Generic API Key, potentially exposing access to various services and sensitive operations.",
  "StartLine": 5,
  "EndLine": 5,
  "StartColumn": 2,
  "EndColumn": 57,
  "Match": "GOOGLE_CLIENT_SECRET=REDACTED",
  "Secret": "REDACTED",
  "File": ".env.production",
  "SymlinkFile": "",
  "Commit": "fc8c2a479835ccb343e1ce71c3b469c4924b4f0f",
  "Link": "https://github.com/kielak1/braggly-frontend/blob/fc8c2a479835ccb343e1ce71c3b469c4924b4f0f/.env.production#L5",
  "Entropy": 4.436007,
  "Author": "Tadeusz Kielak",
  "Email": "tadeusz@kielak.com",
  "Date": "2025-03-11T10:06:51Z",
  "Message": "pierwsze zadzialanie autentykacji przez google",
  "Tags": [],
  "Fingerprint": "fc8c2a479835ccb343e1ce71c3b469c4924b4f0f:.env.production:generic-api-key:5"
 },
 {
  "RuleID": "generic-api-key",
  "Description": "Detected a Generic API Key, potentially exposing access to various services and sensitive operations.",
  "StartLine": 5,
  "EndLine": 5,
  "StartColumn": 2,
  "EndColumn": 57,
  "Match": "GOOGLE_CLIENT_SECRET=REDACTED",
  "Secret": "REDACTED",
  "File": ".env.development",
  "SymlinkFile": "",
  "Commit": "fc8c2a479835ccb343e1ce71c3b469c4924b4f0f",
  "Link": "https://github.com/kielak1/braggly-frontend/blob/fc8c2a479835ccb343e1ce71c3b469c4924b4f0f/.env.development#L5",
  "Entropy": 4.436007,
  "Author": "Tadeusz Kielak",
  "Email": "tadeusz@kielak.com",
  "Date": "2025-03-11T10:06:51Z",
  "Message": "pierwsze zadzialanie autentykacji przez google",
  "Tags": [],
  "Fingerprint": "fc8c2a479835ccb343e1ce71c3b469c4924b4f0f:.env.development:generic-api-key:5"
 }
]
